kernal,cut_off,accuracy,recall,f1,overall_score
rbf,0.05,0.559322033898305,1.0,0.717391304347826,0.7589044460820437
rbf,0.1,0.559322033898305,1.0,0.717391304347826,0.7589044460820437
rbf,0.15,0.5610169491525424,1.0,0.7181719260065288,0.7597296250530237
rbf,0.2,0.5644067796610169,0.9606060606060606,0.7115600448933782,0.7455242950534853
rbf,0.25,0.6322033898305085,0.9212121212121213,0.7369696969696969,0.7634617360041088
rbf,0.3,0.6474576271186441,0.8818181818181818,0.7367088607594936,0.7553282232321065
rbf,0.35,0.6796610169491526,0.8606060606060606,0.7503302509907529,0.7635324428486553
rbf,0.4,0.688135593220339,0.8333333333333334,0.7493188010899182,0.7569292425478635
rbf,0.45,0.6949152542372882,0.793939393939394,0.7443181818181818,0.7443909433316213
rbf,0.5,0.7050847457627119,0.7818181818181819,0.7478260869565218,0.7449096715124718
poly,0.05,0.559322033898305,1.0,0.717391304347826,0.7589044460820437
poly,0.1,0.559322033898305,1.0,0.717391304347826,0.7589044460820437
poly,0.15,0.5610169491525424,1.0,0.7181719260065288,0.7597296250530237
poly,0.2,0.5610169491525424,0.9878787878787879,0.7156970362239298,0.7548642577517534
poly,0.25,0.5864406779661017,0.9696969696969697,0.7239819004524887,0.7600398493718533
poly,0.3,0.6067796610169491,0.9333333333333333,0.7264150943396227,0.7555093628966351
poly,0.35,0.6423728813559322,0.906060606060606,0.7391841779975277,0.7625392218046887
poly,0.4,0.6694915254237288,0.8727272727272727,0.7470817120622567,0.7631001700710861
poly,0.45,0.6847457627118644,0.8454545454545455,0.75,0.7600667693888034
poly,0.5,0.6949152542372882,0.8151515151515152,0.7493036211699164,0.7531234635195734
rbf,0.05,0.559322033898305,1.0,0.717391304347826,0.7589044460820437
rbf,0.1,0.559322033898305,1.0,0.717391304347826,0.7589044460820437
rbf,0.15,0.559322033898305,1.0,0.717391304347826,0.7589044460820437
rbf,0.2,0.5728813559322034,0.996969696969697,0.7230769230769231,0.7643093253262744
rbf,0.25,0.6305084745762712,0.9696969696969697,0.745920745920746,0.7820420633979955
rbf,0.3,0.6389830508474577,0.9242424242424242,0.741190765492102,0.7681387468606613
rbf,0.35,0.6576271186440678,0.9030303030303031,0.7468671679197995,0.7691748631980567
rbf,0.4,0.6745762711864407,0.8727272727272727,0.7500000000000001,0.7657678479712379
rbf,0.45,0.688135593220339,0.8393939393939394,0.7506775067750677,0.7594023464631153
rbf,0.5,0.7067796610169491,0.8121212121212121,0.7559943582510578,0.7582984104630729
poly,0.05,0.559322033898305,1.0,0.717391304347826,0.7589044460820437
poly,0.1,0.559322033898305,1.0,0.717391304347826,0.7589044460820437
poly,0.15,0.559322033898305,1.0,0.717391304347826,0.7589044460820437
poly,0.2,0.559322033898305,1.0,0.717391304347826,0.7589044460820437
poly,0.25,0.5677966101694916,1.0,0.7213114754098361,0.7630360285264426
poly,0.3,0.5898305084745763,0.996969696969697,0.7311111111111112,0.7726371055184615
poly,0.35,0.6101694915254238,0.9878787878787879,0.7392290249433106,0.7790924347825073
poly,0.4,0.6338983050847458,0.9787878787878788,0.7494199535962877,0.7873687124896374
poly,0.45,0.6457627118644068,0.9333333333333333,0.7466666666666667,0.7752542372881356
poly,0.5,0.6627118644067796,0.906060606060606,0.7503136762860727,0.773028715584486
rbf,0.05,0.559322033898305,1.0,0.717391304347826,0.7589044460820437
rbf,0.1,0.559322033898305,1.0,0.717391304347826,0.7589044460820437
rbf,0.15,0.559322033898305,1.0,0.717391304347826,0.7589044460820437
rbf,0.2,0.5813559322033899,0.996969696969697,0.72707182320442,0.7684658174591691
rbf,0.25,0.6474576271186441,0.9666666666666667,0.7541371158392436,0.7894204698748514
rbf,0.3,0.6847457627118644,0.9242424242424242,0.7663316582914571,0.7917732817485819
rbf,0.35,0.6932203389830508,0.8878787878787879,0.7640156453715775,0.7817049240778055
rbf,0.4,0.6966101694915254,0.8636363636363636,0.7610146862483311,0.7737537397920734
rbf,0.45,0.6966101694915254,0.8212121212121212,0.7517337031900139,0.7565186646312202
rbf,0.5,0.7067796610169491,0.793939393939394,0.751793400286944,0.7508374850810956
poly,0.05,0.559322033898305,1.0,0.717391304347826,0.7589044460820437
poly,0.1,0.5610169491525424,1.0,0.7181719260065288,0.7597296250530237
poly,0.15,0.5644067796610169,1.0,0.7197382769901853,0.7613816855504009
poly,0.2,0.5694915254237288,1.0,0.7221006564551423,0.7638640606262904
poly,0.25,0.5915254237288136,0.996969696969697,0.731924360400445,0.7734731603663185
poly,0.3,0.6338983050847458,0.9818181818181818,0.75,0.7885721623009759
poly,0.35,0.6694915254237288,0.9484848484848485,0.7624847746650427,0.79348704952454
poly,0.4,0.6796610169491526,0.9090909090909091,0.7604562737642586,0.7830693999347735
poly,0.45,0.6830508474576271,0.8757575757575757,0.7555555555555554,0.7714546595902528
poly,0.5,0.6915254237288135,0.8393939393939394,0.7527173913043478,0.7612122514757003
rbf,0.05,0.559322033898305,1.0,0.717391304347826,0.7589044460820437
rbf,0.1,0.559322033898305,1.0,0.717391304347826,0.7589044460820437
rbf,0.15,0.559322033898305,1.0,0.717391304347826,0.7589044460820437
rbf,0.2,0.5779661016949152,0.9848484848484849,0.7230255839822024,0.7619467235085341
rbf,0.25,0.635593220338983,0.9515151515151515,0.7449584816132858,0.7773556178224735
rbf,0.3,0.6542372881355932,0.9121212121212121,0.7468982630272953,0.7710855877613669
rbf,0.35,0.6610169491525424,0.8757575757575757,0.74293059125964,0.7599017053899194
rbf,0.4,0.6745762711864407,0.8393939393939394,0.742627345844504,0.7521991854749613
rbf,0.45,0.688135593220339,0.8121212121212121,0.7444444444444445,0.7482337499286652
rbf,0.5,0.6864406779661016,0.7727272727272727,0.7338129496402879,0.730993633444554
poly,0.05,0.559322033898305,1.0,0.717391304347826,0.7589044460820437
poly,0.1,0.559322033898305,0.996969696969697,0.7167755991285403,0.7576891099988474
poly,0.15,0.5627118644067797,0.990909090909091,0.7171052631578948,0.7569087394912551
poly,0.2,0.5779661016949152,0.9696969696969697,0.7199100112485939,0.755857694213493
poly,0.25,0.611864406779661,0.9393939393939394,0.730270906949352,0.7605097510409843
poly,0.3,0.6389830508474577,0.906060606060606,0.7373612823674476,0.7608016464251705
poly,0.35,0.6542372881355932,0.8575757575757575,0.735064935064935,0.7489593269254285
poly,0.4,0.6813559322033899,0.8363636363636363,0.7459459459459459,0.754555171504324
poly,0.45,0.6847457627118644,0.7848484848484848,0.7357954545454546,0.7351299007019346
poly,0.5,0.6966101694915254,0.7484848484848485,0.7340267459138188,0.726373921296731
rbf,0.05,0.559322033898305,1.0,0.717391304347826,0.7589044460820437
rbf,0.1,0.559322033898305,1.0,0.717391304347826,0.7589044460820437
rbf,0.15,0.5627118644067797,1.0,0.7189542483660131,0.7605553709242643
rbf,0.2,0.6,0.9727272727272728,0.7312072892938496,0.7679781873403742
rbf,0.25,0.6389830508474577,0.9121212121212121,0.7386503067484662,0.7632515232390453
rbf,0.3,0.6644067796610169,0.8787878787878788,0.7455012853470437,0.7628986479319798
rbf,0.35,0.6847457627118644,0.8454545454545455,0.75,0.7600667693888034
rbf,0.4,0.6745762711864407,0.793939393939394,0.7318435754189944,0.7334530801816097
rbf,0.45,0.6694915254237288,0.7454545454545455,0.7161572052401747,0.7103677587061497
rbf,0.5,0.6728813559322034,0.7181818181818181,0.7106446776611693,0.7005692839250637
poly,0.05,0.559322033898305,1.0,0.717391304347826,0.7589044460820437
poly,0.1,0.559322033898305,1.0,0.717391304347826,0.7589044460820437
poly,0.15,0.5677966101694916,1.0,0.7213114754098361,0.7630360285264426
poly,0.2,0.5864406779661017,0.990909090909091,0.7282850779510022,0.7685449489420649
poly,0.25,0.6101694915254238,0.9545454545454546,0.7325581395348837,0.7657576952019207
poly,0.3,0.6423728813559322,0.9272727272727272,0.7436208991494533,0.7710888359260375
poly,0.35,0.6610169491525424,0.8757575757575757,0.74293059125964,0.7599017053899194
poly,0.4,0.6711864406779661,0.8454545454545455,0.7420212765957448,0.7528874209094187
poly,0.45,0.6864406779661016,0.8121212121212121,0.7434119278779473,0.7473246059884203
poly,0.5,0.6694915254237288,0.7393939393939394,0.7144948755490483,0.7077934467889054
rbf,0.05,0.559322033898305,1.0,0.717391304347826,0.7589044460820437
rbf,0.1,0.559322033898305,1.0,0.717391304347826,0.7589044460820437
rbf,0.15,0.559322033898305,1.0,0.717391304347826,0.7589044460820437
rbf,0.2,0.5932203389830508,0.9818181818181818,0.7297297297297297,0.7682560835103208
rbf,0.25,0.6474576271186441,0.9515151515151515,0.7511961722488038,0.7833896502941998
rbf,0.3,0.6610169491525424,0.9181818181818182,0.7518610421836228,0.7770199365059945
rbf,0.35,0.6745762711864407,0.8939393939393939,0.7544757033248081,0.7743304561502141
rbf,0.4,0.6813559322033899,0.8727272727272727,0.7539267015706805,0.7693366355004477
rbf,0.45,0.7,0.8545454545454545,0.7611336032388665,0.7718930192614403
rbf,0.5,0.7067796610169491,0.8333333333333334,0.7607192254495159,0.7669440732665995
poly,0.05,0.559322033898305,1.0,0.717391304347826,0.7589044460820437
poly,0.1,0.559322033898305,1.0,0.717391304347826,0.7589044460820437
poly,0.15,0.5644067796610169,1.0,0.7197382769901853,0.7613816855504009
poly,0.2,0.5728813559322034,0.9939393939393939,0.7224669603524229,0.7630959034080066
poly,0.25,0.611864406779661,0.9787878787878788,0.7382857142857142,0.7763126666177514
poly,0.3,0.635593220338983,0.9454545454545454,0.7437425506555422,0.7749301054830235
poly,0.35,0.6491525423728813,0.9272727272727272,0.7472527472527473,0.7745593389661186
poly,0.4,0.6661016949152543,0.9030303030303031,0.7515762925598991,0.7735694301684855
poly,0.45,0.676271186440678,0.8787878787878788,0.7522697795071336,0.7691096149118968
poly,0.5,0.6864406779661016,0.8575757575757575,0.7536617842876164,0.7658927399431584
rbf,0.05,0.559322033898305,1.0,0.717391304347826,0.7589044460820437
rbf,0.1,0.559322033898305,1.0,0.717391304347826,0.7589044460820437
rbf,0.15,0.5610169491525424,1.0,0.7181719260065288,0.7597296250530237
rbf,0.2,0.5711864406779661,0.9848484848484849,0.7198228128460685,0.7586192461241731
rbf,0.25,0.6220338983050847,0.9363636363636364,0.7348394768133175,0.7644123371606796
rbf,0.3,0.6440677966101694,0.9030303030303031,0.739454094292804,0.7621840646444255
rbf,0.35,0.6474576271186441,0.8787878787878788,0.7360406091370557,0.7540953716811929
rbf,0.4,0.6745762711864407,0.8636363636363636,0.7480314960629921,0.7620813769619321
rbf,0.45,0.6864406779661016,0.8363636363636363,0.7489823609226594,0.7572622250841325
rbf,0.5,0.7,0.803030303030303,0.7496463932107496,0.7508922320803508
poly,0.05,0.559322033898305,1.0,0.717391304347826,0.7589044460820437
poly,0.1,0.559322033898305,1.0,0.717391304347826,0.7589044460820437
poly,0.15,0.5610169491525424,1.0,0.7181719260065288,0.7597296250530237
poly,0.2,0.5610169491525424,0.9939393939393939,0.7169398907103824,0.757298744600773
poly,0.25,0.5627118644067797,0.9848484848484849,0.7158590308370043,0.7544731266974228
poly,0.3,0.5847457627118644,0.9666666666666667,0.7225368063420159,0.7579830785735157
poly,0.35,0.6152542372881356,0.9545454545454546,0.7351225204200702,0.7683074040845534
poly,0.4,0.6389830508474577,0.9181818181818182,0.73992673992674,0.7656972029853386
poly,0.45,0.6440677966101694,0.8727272727272727,0.7328244274809159,0.7498731656061194
poly,0.5,0.6576271186440678,0.8484848484848485,0.7349081364829397,0.747006701203952
rbf,0.05,0.559322033898305,1.0,0.717391304347826,0.7589044460820437
rbf,0.1,0.559322033898305,1.0,0.717391304347826,0.7589044460820437
rbf,0.15,0.5610169491525424,1.0,0.7181719260065288,0.7597296250530237
rbf,0.2,0.5915254237288136,0.9787878787878788,0.7282976324689966,0.7662036449952296
rbf,0.25,0.6406779661016949,0.9393939393939394,0.7451923076923078,0.7750880710626474
rbf,0.3,0.6661016949152543,0.9,0.7509481668773703,0.7723499539308749
rbf,0.35,0.6796610169491526,0.8666666666666667,0.7516425755584757,0.7659900863914316
rbf,0.4,0.7050847457627119,0.8606060606060606,0.7654986522911053,0.777063152886626
rbf,0.45,0.7186440677966102,0.8303030303030303,0.7675070028011204,0.7721513669669203
rbf,0.5,0.7152542372881356,0.803030303030303,0.7593123209169054,0.7591989537451146
poly,0.05,0.559322033898305,1.0,0.717391304347826,0.7589044460820437
poly,0.1,0.559322033898305,1.0,0.717391304347826,0.7589044460820437
poly,0.15,0.5644067796610169,1.0,0.7197382769901853,0.7613816855504009
poly,0.2,0.5677966101694916,0.9939393939393939,0.7200878155872668,0.7606079398987173
poly,0.25,0.5932203389830508,0.9757575757575757,0.7285067873303168,0.7658282340236479
poly,0.3,0.6423728813559322,0.9454545454545454,0.7473053892215569,0.7783776053440116
poly,0.35,0.6694915254237288,0.9272727272727272,0.7583643122676581,0.785042854988038
poly,0.4,0.6694915254237288,0.8818181818181818,0.749034749034749,0.7667814854255531
poly,0.45,0.7,0.8606060606060606,0.7624161073825504,0.7743407226628704
poly,0.5,0.711864406779661,0.8515151515151516,0.7677595628415301,0.7770463737121142
rbf,0.05,0.559322033898305,1.0,0.717391304347826,0.7589044460820437
rbf,0.1,0.559322033898305,1.0,0.717391304347826,0.7589044460820437
rbf,0.15,0.559322033898305,1.0,0.717391304347826,0.7589044460820437
rbf,0.2,0.5677966101694916,0.990909090909091,0.7194719471947195,0.759392549424434
rbf,0.25,0.6288135593220339,0.9575757575757575,0.7426556991774382,0.7763483386917432
rbf,0.3,0.6813559322033899,0.9303030303030303,0.7655860349127183,0.7924149991397128
rbf,0.35,0.7033898305084746,0.9090909090909091,0.7741935483870969,0.7955580959954935
rbf,0.4,0.7067796610169491,0.896969696969697,0.7738562091503268,0.7925351890456577
rbf,0.45,0.7135593220338983,0.8727272727272727,0.7731543624161074,0.7864803190590927
rbf,0.5,0.711864406779661,0.8424242424242424,0.7658402203856749,0.7733762898631928
poly,0.05,0.559322033898305,1.0,0.717391304347826,0.7589044460820437
poly,0.1,0.5610169491525424,1.0,0.7181719260065288,0.7597296250530237
poly,0.15,0.5711864406779661,0.996969696969697,0.7222832052689353,0.7634797809721995
poly,0.2,0.5864406779661017,0.9818181818181818,0.726457399103139,0.7649054196291408
poly,0.25,0.6271186440677966,0.9696969696969697,0.7441860465116279,0.7803338867587981
poly,0.3,0.6491525423728813,0.9484848484848485,0.7515006002400959,0.7830459970326086
poly,0.35,0.6711864406779661,0.9242424242424242,0.7587064676616915,0.7847117775273605
poly,0.4,0.6898305084745763,0.9030303030303031,0.7650834403080873,0.7859814172709889
poly,0.45,0.7050847457627119,0.8878787878787879,0.7710526315789474,0.7880053884068158
poly,0.5,0.7101694915254237,0.8606060606060606,0.7686062246278754,0.7797939255864533
rbf,0.05,0.559322033898305,1.0,0.717391304347826,0.7589044460820437
rbf,0.1,0.559322033898305,1.0,0.717391304347826,0.7589044460820437
rbf,0.15,0.559322033898305,0.996969696969697,0.7167755991285403,0.7576891099988474
rbf,0.2,0.588135593220339,0.9575757575757575,0.7222857142857143,0.755999021693937
rbf,0.25,0.635593220338983,0.9151515151515152,0.7374847374847375,0.7627431576584119
rbf,0.3,0.6830508474576271,0.9030303030303031,0.7611749680715197,0.7824187061864833
rbf,0.35,0.688135593220339,0.8696969696969697,0.7572559366754618,0.7716961665309235
rbf,0.4,0.6983050847457627,0.8575757575757575,0.760752688172043,0.7722111768311878
rbf,0.45,0.6966101694915254,0.8303030303030303,0.7537826685006876,0.7602319560984144
rbf,0.5,0.7152542372881356,0.8181818181818182,0.7627118644067797,0.7653826399589113
poly,0.05,0.559322033898305,1.0,0.717391304347826,0.7589044460820437
poly,0.1,0.5576271186440678,0.996969696969697,0.7159956474428728,0.7568641543522124
poly,0.15,0.5559322033898305,0.990909090909091,0.7139737991266375,0.753605031141853
poly,0.2,0.5661016949152542,0.9696969696969697,0.7142857142857144,0.7500281262993127
poly,0.25,0.6067796610169491,0.9393939393939394,0.7276995305164319,0.7579577103091069
poly,0.3,0.6372881355932203,0.9090909090909091,0.7371007371007371,0.7611599272616222
poly,0.35,0.6779661016949152,0.8757575757575757,0.7526041666666667,0.7687759480397193
poly,0.4,0.6830508474576271,0.8575757575757575,0.751660026560425,0.7640955438646033
poly,0.45,0.6847457627118644,0.8090909090909091,0.7416666666666667,0.7451677794898134
poly,0.5,0.688135593220339,0.7848484848484848,0.7378917378917379,0.7369586053201872
rbf,0.05,0.559322033898305,1.0,0.717391304347826,0.7589044460820437
rbf,0.1,0.559322033898305,1.0,0.717391304347826,0.7589044460820437
rbf,0.15,0.559322033898305,1.0,0.717391304347826,0.7589044460820437
rbf,0.2,0.5813559322033899,0.9848484848484849,0.7246376811594203,0.7636140327370984
rbf,0.25,0.6406779661016949,0.9666666666666667,0.7505882352941177,0.785977622687493
rbf,0.3,0.6542372881355932,0.9151515151515152,0.7475247524752476,0.7723045185874521
rbf,0.35,0.6661016949152543,0.8939393939393939,0.7496823379923762,0.7699078089490081
rbf,0.4,0.6745762711864407,0.8787878787878788,0.7512953367875648,0.768219828920628
rbf,0.45,0.6796610169491526,0.8454545454545455,0.7469879518072289,0.7573678380703089
rbf,0.5,0.6830508474576271,0.8303030303030303,0.7455782312925171,0.7529773696843916
poly,0.05,0.559322033898305,1.0,0.717391304347826,0.7589044460820437
poly,0.1,0.559322033898305,1.0,0.717391304347826,0.7589044460820437
poly,0.15,0.5610169491525424,1.0,0.7181719260065288,0.7597296250530237
poly,0.2,0.5677966101694916,1.0,0.7213114754098361,0.7630360285264426
poly,0.25,0.5796610169491525,0.9848484848484849,0.7238307349665923,0.76278007892141
poly,0.3,0.6186440677966102,0.9757575757575757,0.7410817031070196,0.7784944488870685
poly,0.35,0.6474576271186441,0.9484848484848485,0.750599520383693,0.7821806653290618
poly,0.4,0.6610169491525424,0.9090909090909091,0.75,0.7733692860811505
poly,0.45,0.6779661016949152,0.8848484848484849,0.7545219638242895,0.7724455167892298
poly,0.5,0.6796610169491526,0.8575757575757575,0.7496688741721854,0.7623018828990319
rbf,0.05,0.559322033898305,1.0,0.717391304347826,0.7589044460820437
rbf,0.1,0.559322033898305,1.0,0.717391304347826,0.7589044460820437
rbf,0.15,0.559322033898305,1.0,0.717391304347826,0.7589044460820437
rbf,0.2,0.5661016949152542,1.0,0.7205240174672489,0.7622085707941677
rbf,0.25,0.6203389830508474,0.9727272727272728,0.7413394919168592,0.7781352492316599
rbf,0.3,0.7,0.9303030303030303,0.7762326169405815,0.802178549081204
rbf,0.35,0.7271186440677966,0.9,0.7867549668874172,0.8046245369850714
rbf,0.4,0.7322033898305085,0.8606060606060606,0.7823691460055097,0.7917261988140263
rbf,0.45,0.7389830508474576,0.8272727272727273,0.78,0.782085259373395
rbf,0.5,0.7423728813559322,0.8,0.7764705882352942,0.7729478231970756
poly,0.05,0.559322033898305,1.0,0.717391304347826,0.7589044460820437
poly,0.1,0.5610169491525424,1.0,0.7181719260065288,0.7597296250530237
poly,0.15,0.5694915254237288,0.996969696969697,0.7214912280701754,0.7626508168212004
poly,0.2,0.5864406779661017,0.9757575757575757,0.7252252252252251,0.7624744929829674
poly,0.25,0.6322033898305085,0.9484848484848485,0.7425860023724792,0.7744247468959454
poly,0.3,0.7050847457627119,0.9151515151515152,0.7763496143958869,0.7988619584367046
poly,0.35,0.7322033898305085,0.8939393939393939,0.7887700534759359,0.8049709457486127
poly,0.4,0.7237288135593221,0.8484848484848485,0.7745504840940526,0.7822547153794077
poly,0.45,0.7305084745762712,0.796969696969697,0.7678832116788321,0.7651204610749334
poly,0.5,0.7237288135593221,0.7454545454545455,0.751145038167939,0.740109465727269
rbf,0.05,0.559322033898305,1.0,0.717391304347826,0.7589044460820437
rbf,0.1,0.559322033898305,1.0,0.717391304347826,0.7589044460820437
rbf,0.15,0.5627118644067797,1.0,0.7189542483660131,0.7605553709242643
rbf,0.2,0.5898305084745763,0.9818181818181818,0.7280898876404496,0.7665795259777358
rbf,0.25,0.635593220338983,0.9333333333333333,0.7412755716004814,0.7700673750909326
rbf,0.3,0.6610169491525424,0.906060606060606,0.7493734335839598,0.7721503295990361
rbf,0.35,0.6745762711864407,0.8818181818181818,0.751937984496124,0.7694441458335822
rbf,0.4,0.6966101694915254,0.8575757575757575,0.7597315436241611,0.7713058235638147
rbf,0.45,0.7016949152542373,0.8303030303030303,0.7569060773480663,0.7629680076351114
rbf,0.5,0.7,0.7909090909090909,0.7467811158798283,0.7458967355963063
poly,0.05,0.559322033898305,1.0,0.717391304347826,0.7589044460820437
poly,0.1,0.559322033898305,1.0,0.717391304347826,0.7589044460820437
poly,0.15,0.5576271186440678,0.990909090909091,0.7147540983606557,0.7544301026379382
poly,0.2,0.5711864406779661,0.9696969696969697,0.7166853303471444,0.7525229135740267
poly,0.25,0.5966101694915255,0.9303030303030303,0.7206572769953051,0.7491901589299537
poly,0.3,0.6406779661016949,0.9151515151515152,0.7401960784313726,0.7653418532281941
poly,0.35,0.652542372881356,0.8818181818181818,0.7395171537484118,0.7579592361493166
poly,0.4,0.6644067796610169,0.8606060606060606,0.7415143603133159,0.7555090668601311
poly,0.45,0.6745762711864407,0.8242424242424242,0.7391304347826086,0.7459830434038245
poly,0.5,0.676271186440678,0.7848484848484848,0.7306064880112836,0.7305753864334821
rbf,0.05,0.559322033898305,1.0,0.717391304347826,0.7589044460820437
rbf,0.1,0.559322033898305,1.0,0.717391304347826,0.7589044460820437
rbf,0.15,0.559322033898305,1.0,0.717391304347826,0.7589044460820437
rbf,0.2,0.5830508474576271,0.996969696969697,0.7278761061946902,0.7692988835406714
rbf,0.25,0.6288135593220339,0.9636363636363636,0.7438596491228071,0.7787698573604015
rbf,0.3,0.6677966101694915,0.9090909090909091,0.7537688442211056,0.7768854544938354
rbf,0.35,0.6779661016949152,0.8727272727272727,0.751958224543081,0.767550532988423
rbf,0.4,0.6949152542372882,0.8393939393939394,0.7547683923705722,0.7630258620006
rbf,0.45,0.7,0.8151515151515152,0.7524475524475523,0.7558663558663558
rbf,0.5,0.7050847457627119,0.7909090909090909,0.75,0.7486646122239343
poly,0.05,0.559322033898305,1.0,0.717391304347826,0.7589044460820437
poly,0.1,0.559322033898305,1.0,0.717391304347826,0.7589044460820437
poly,0.15,0.5610169491525424,1.0,0.7181719260065288,0.7597296250530237
poly,0.2,0.5677966101694916,0.996969696969697,0.7207009857612267,0.761822430966805
poly,0.25,0.5932203389830508,0.9818181818181818,0.7297297297297297,0.7682560835103208
poly,0.3,0.6440677966101694,0.9454545454545454,0.7482014388489209,0.7792412603045452
poly,0.35,0.6694915254237288,0.9030303030303031,0.7534766118836915,0.7753328134459078
poly,0.4,0.6966101694915254,0.8666666666666667,0.7616511318242345,0.7749759893274755
poly,0.45,0.7033898305084746,0.8303030303030303,0.7579529737206084,0.7638819448440378
poly,0.5,0.7,0.796969696969697,0.7482219061166429,0.74839720102878
rbf,0.05,0.559322033898305,1.0,0.717391304347826,0.7589044460820437
rbf,0.1,0.559322033898305,1.0,0.717391304347826,0.7589044460820437
rbf,0.15,0.5627118644067797,1.0,0.7189542483660131,0.7605553709242643
rbf,0.2,0.5813559322033899,0.990909090909091,0.7258601553829078,0.7660417261651297
rbf,0.25,0.6271186440677966,0.9575757575757575,0.7417840375586854,0.7754928130674132
rbf,0.3,0.6593220338983051,0.9303030303030303,0.7533742331288343,0.7809997657767233
rbf,0.35,0.6694915254237288,0.9030303030303031,0.7534766118836915,0.7753328134459078
rbf,0.4,0.676271186440678,0.8696969696969697,0.7503267973856209,0.7654316511744229
rbf,0.45,0.6949152542372882,0.8515151515151516,0.757412398921833,0.7679476015580908
rbf,0.5,0.6966101694915254,0.8242424242424242,0.7524204702627938,0.7577576879989145
poly,0.05,0.559322033898305,1.0,0.717391304347826,0.7589044460820437
poly,0.1,0.559322033898305,1.0,0.717391304347826,0.7589044460820437
poly,0.15,0.5627118644067797,1.0,0.7189542483660131,0.7605553709242643
poly,0.2,0.5745762711864407,0.996969696969697,0.7238723872387237,0.7651394517982871
poly,0.25,0.6067796610169491,0.9787878787878788,0.735763097949886,0.7737768792515713
poly,0.3,0.6305084745762712,0.9424242424242424,0.7404761904761904,0.7711363024922346
poly,0.35,0.6610169491525424,0.9181818181818182,0.7518610421836228,0.7770199365059945
poly,0.4,0.6864406779661016,0.8878787878787879,0.7600518806744487,0.7781237821731128
poly,0.45,0.6898305084745763,0.8484848484848485,0.753701211305518,0.764005522754981
poly,0.5,0.6898305084745763,0.8181818181818182,0.7468879668049792,0.7516334311537912
rbf,0.05,0.559322033898305,1.0,0.717391304347826,0.7589044460820437
rbf,0.1,0.559322033898305,1.0,0.717391304347826,0.7589044460820437
rbf,0.15,0.559322033898305,1.0,0.717391304347826,0.7589044460820437
rbf,0.2,0.5728813559322034,0.9727272727272728,0.7181208053691276,0.7545764780095346
rbf,0.25,0.6186440677966102,0.9303030303030303,0.7318235995232419,0.7602568992076275
rbf,0.3,0.6559322033898305,0.896969696969697,0.7446540880503144,0.765851996136614
rbf,0.35,0.6576271186440678,0.8606060606060606,0.7376623376623377,0.7519651723041555
rbf,0.4,0.6796610169491526,0.8575757575757575,0.7496688741721854,0.7623018828990319
rbf,0.45,0.6728813559322034,0.8212121212121212,0.7374149659863946,0.7438361477102396
rbf,0.5,0.6796610169491526,0.7878787878787878,0.7334273624823694,0.73365572243677
poly,0.05,0.559322033898305,1.0,0.717391304347826,0.7589044460820437
poly,0.1,0.559322033898305,1.0,0.717391304347826,0.7589044460820437
poly,0.15,0.559322033898305,1.0,0.717391304347826,0.7589044460820437
poly,0.2,0.559322033898305,0.996969696969697,0.7167755991285403,0.7576891099988474
poly,0.25,0.5796610169491525,0.9757575757575757,0.7219730941704037,0.7591305622923773
poly,0.3,0.6084745762711864,0.9303030303030303,0.7266272189349112,0.755134941836376
poly,0.35,0.6474576271186441,0.906060606060606,0.7419354838709676,0.7651512390167392
poly,0.4,0.6677966101694915,0.8727272727272727,0.7461139896373058,0.7622126241780234
poly,0.45,0.6847457627118644,0.8515151515151516,0.751336898395722,0.7625326042075793
poly,0.5,0.6847457627118644,0.8,0.7394957983193278,0.7414138536770641
rbf,0.05,0.559322033898305,1.0,0.717391304347826,0.7589044460820437
rbf,0.1,0.559322033898305,1.0,0.717391304347826,0.7589044460820437
rbf,0.15,0.559322033898305,1.0,0.717391304347826,0.7589044460820437
rbf,0.2,0.5779661016949152,0.9848484848484849,0.7230255839822024,0.7619467235085341
rbf,0.25,0.6254237288135593,0.9424242424242424,0.737841043890866,0.7685630050428892
rbf,0.3,0.6491525423728813,0.9090909090909091,0.7434944237918215,0.7672459584185374
rbf,0.35,0.6711864406779661,0.8878787878787879,0.7512820512820514,0.7701157599462684
rbf,0.4,0.6796610169491526,0.8545454545454545,0.749003984063745,0.7610701518527841
rbf,0.45,0.6813559322033899,0.8242424242424242,0.7431693989071038,0.749589251784306
rbf,0.5,0.688135593220339,0.793939393939394,0.7401129943502827,0.7407293271700052
poly,0.05,0.559322033898305,1.0,0.717391304347826,0.7589044460820437
poly,0.1,0.559322033898305,1.0,0.717391304347826,0.7589044460820437
poly,0.15,0.5694915254237288,0.9939393939393939,0.7208791208791209,0.7614366800807479
poly,0.2,0.5932203389830508,0.9696969696969697,0.7272727272727272,0.763396678650916
poly,0.25,0.6254237288135593,0.9181818181818182,0.732769044740024,0.7587915305784673
poly,0.3,0.6542372881355932,0.8818181818181818,0.7404580152671757,0.7588378284069837
poly,0.35,0.6847457627118644,0.8606060606060606,0.753315649867374,0.7662224910617663
poly,0.4,0.6796610169491526,0.8090909090909091,0.7385892116182573,0.7424470458861063
poly,0.45,0.6830508474576271,0.7787878787878788,0.7332382310984308,0.7316923191146456
poly,0.5,0.6779661016949152,0.7454545454545455,0.7214076246334311,0.7149427572609639
rbf,0.05,0.559322033898305,1.0,0.717391304347826,0.7589044460820437
rbf,0.1,0.559322033898305,1.0,0.717391304347826,0.7589044460820437
rbf,0.15,0.5576271186440678,0.996969696969697,0.7159956474428728,0.7568641543522124
rbf,0.2,0.5830508474576271,0.9727272727272728,0.722972972972973,0.759583697719291
rbf,0.25,0.6135593220338983,0.9515151515151515,0.7336448598130841,0.7662397777873781
rbf,0.3,0.6440677966101694,0.9242424242424242,0.7439024390243902,0.770737553292328
rbf,0.35,0.6627118644067796,0.906060606060606,0.7503136762860727,0.773028715584486
rbf,0.4,0.6677966101694915,0.8696969696969697,0.7454545454545455,0.7609827084403356
rbf,0.45,0.6915254237288135,0.8575757575757575,0.7566844919786095,0.7685952244277269
rbf,0.5,0.6983050847457627,0.8212121212121212,0.7527777777777778,0.7574316612452204
poly,0.05,0.5576271186440678,0.996969696969697,0.7159956474428728,0.7568641543522124
poly,0.1,0.5576271186440678,0.996969696969697,0.7159956474428728,0.7568641543522124
poly,0.15,0.5542372881355933,0.990909090909091,0.7131952017448201,0.7527805269298348
poly,0.2,0.559322033898305,0.990909090909091,0.7155361050328228,0.755255743280073
poly,0.25,0.5847457627118644,0.9606060606060606,0.7212741751990898,0.7555419995056716
poly,0.3,0.6016949152542372,0.9333333333333333,0.7238542890716805,0.7529608458864171
poly,0.35,0.6220338983050847,0.9151515151515152,0.7303506650544135,0.7558453595036712
poly,0.4,0.6423728813559322,0.8909090909090909,0.7359198998748436,0.7564006240466222
poly,0.45,0.6576271186440678,0.8636363636363636,0.7383419689119172,0.7532018170641162
poly,0.5,0.6796610169491526,0.8484848484848485,0.7476635514018691,0.7586031389452902
rbf,0.05,0.559322033898305,1.0,0.717391304347826,0.7589044460820437
rbf,0.1,0.559322033898305,1.0,0.717391304347826,0.7589044460820437
rbf,0.15,0.5610169491525424,1.0,0.7181719260065288,0.7597296250530237
rbf,0.2,0.5779661016949152,0.9878787878787879,0.7236403995560488,0.7631617630432507
rbf,0.25,0.6220338983050847,0.9424242424242424,0.736094674556213,0.7668509384285134
rbf,0.3,0.6576271186440678,0.9363636363636364,0.7536585365853659,0.7825497638643567
rbf,0.35,0.6728813559322034,0.9090909090909091,0.7566204287515763,0.7795308979248962
rbf,0.4,0.676271186440678,0.8878787878787879,0.7541827541827543,0.7727775761674067
rbf,0.45,0.6830508474576271,0.8545454545454545,0.7509986684420772,0.7628649901483863
rbf,0.5,0.7,0.8333333333333334,0.7565337001375516,0.7632890111569616
poly,0.05,0.559322033898305,1.0,0.717391304347826,0.7589044460820437
poly,0.1,0.5661016949152542,0.996969696969697,0.7199124726477024,0.7609946215108844
poly,0.15,0.5728813559322034,0.990909090909091,0.7218543046357617,0.7618815838256854
poly,0.2,0.5847457627118644,0.9666666666666667,0.7225368063420159,0.7579830785735157
poly,0.25,0.6135593220338983,0.9393939393939394,0.7311320754716982,0.761361778966512
poly,0.3,0.6338983050847458,0.9121212121212121,0.7359413202933984,0.7606536124997855
poly,0.35,0.6610169491525424,0.9030303030303031,0.7487437185929648,0.7709303235919368
poly,0.4,0.6728813559322034,0.8757575757575757,0.7496757457846952,0.7661048924914914
poly,0.45,0.6915254237288135,0.8545454545454545,0.7560321715817695,0.7673676832853458
poly,0.5,0.6966101694915254,0.8181818181818182,0.7510431154381084,0.7552783677038174
rbf,0.05,0.559322033898305,1.0,0.717391304347826,0.7589044460820437
rbf,0.1,0.559322033898305,1.0,0.717391304347826,0.7589044460820437
rbf,0.15,0.559322033898305,1.0,0.717391304347826,0.7589044460820437
rbf,0.2,0.559322033898305,0.9848484848484849,0.7142857142857143,0.7528187443441681
rbf,0.25,0.6389830508474577,0.9636363636363636,0.7491166077738516,0.7839120074192243
rbf,0.3,0.6711864406779661,0.9212121212121213,0.7581047381546134,0.7835011000149003
rbf,0.35,0.688135593220339,0.896969696969697,0.7628865979381443,0.7826639627093934
rbf,0.4,0.6915254237288135,0.8575757575757575,0.7566844919786095,0.7685952244277269
rbf,0.45,0.7067796610169491,0.8242424242424242,0.7587168758716875,0.7632463203770202
rbf,0.5,0.6949152542372882,0.7878787878787878,0.7428571428571429,0.7418837283244063
poly,0.05,0.559322033898305,1.0,0.717391304347826,0.7589044460820437
poly,0.1,0.5610169491525424,1.0,0.7181719260065288,0.7597296250530237
poly,0.15,0.5661016949152542,1.0,0.7205240174672489,0.7622085707941677
poly,0.2,0.5694915254237288,0.990909090909091,0.7202643171806168,0.7602216445044788
poly,0.25,0.5949152542372881,0.9727272727272728,0.7287173666288308,0.7654532978644638
poly,0.3,0.6288135593220339,0.9545454545454546,0.7420494699646644,0.7751361612773843
poly,0.35,0.6559322033898305,0.9121212121212121,0.7478260869565218,0.7719598341558548
poly,0.4,0.6796610169491526,0.8757575757575757,0.7535853976531942,0.7696679967866409
poly,0.45,0.688135593220339,0.8454545454545455,0.7520215633423181,0.7618705673390674
poly,0.5,0.6898305084745763,0.8181818181818182,0.7468879668049792,0.7516334311537912
rbf,0.05,0.559322033898305,1.0,0.717391304347826,0.7589044460820437
rbf,0.1,0.559322033898305,1.0,0.717391304347826,0.7589044460820437
rbf,0.15,0.5661016949152542,1.0,0.7205240174672489,0.7622085707941677
rbf,0.2,0.5847457627118644,0.9636363636363636,0.7219069239500568,0.7567630167660949
rbf,0.25,0.6305084745762712,0.9272727272727272,0.7373493975903613,0.7650435331464532
rbf,0.3,0.6694915254237288,0.9030303030303031,0.7534766118836915,0.7753328134459078
rbf,0.35,0.6898305084745763,0.8787878787878788,0.7601572739187418,0.7762585537270655
rbf,0.4,0.6949152542372882,0.8454545454545455,0.7560975609756098,0.7654891202224811
rbf,0.45,0.6966101694915254,0.8181818181818182,0.7510431154381084,0.7552783677038174
rbf,0.5,0.7016949152542373,0.7909090909090909,0.7478510028653295,0.7468183363428859
poly,0.05,0.559322033898305,1.0,0.717391304347826,0.7589044460820437
poly,0.1,0.5610169491525424,1.0,0.7181719260065288,0.7597296250530237
poly,0.15,0.5627118644067797,0.996969696969697,0.7183406113537117,0.7593407242433962
poly,0.2,0.5728813559322034,0.9757575757575757,0.7187500000000001,0.7557963105632597
poly,0.25,0.6237288135593221,0.9545454545454546,0.7394366197183099,0.7725702959410289
poly,0.3,0.6559322033898305,0.9303030303030303,0.7515299877600978,0.7792550738176529
poly,0.35,0.6779661016949152,0.8909090909090909,0.755784061696658,0.7748864181002214
poly,0.4,0.6898305084745763,0.8484848484848485,0.753701211305518,0.764005522754981
poly,0.45,0.6898305084745763,0.806060606060606,0.744055944055944,0.7466490195303755
poly,0.5,0.6983050847457627,0.7575757575757576,0.7374631268436579,0.7311146563883927
rbf,0.05,0.559322033898305,1.0,0.717391304347826,0.7589044460820437
rbf,0.1,0.559322033898305,1.0,0.717391304347826,0.7589044460820437
rbf,0.15,0.559322033898305,0.996969696969697,0.7167755991285403,0.7576891099988474
rbf,0.2,0.5864406779661017,0.9939393939393939,0.7288888888888888,0.7697563202647948
rbf,0.25,0.6338983050847458,0.9666666666666667,0.747072599531616,0.7825458570943429
rbf,0.3,0.6728813559322034,0.9393939393939394,0.7626076260762608,0.7916276404674679
rbf,0.35,0.6915254237288135,0.896969696969697,0.764857881136951,0.7844510006118205
rbf,0.4,0.7203389830508474,0.8787878787878788,0.778523489932886,0.7925501172572041
rbf,0.45,0.7271186440677966,0.8575757575757575,0.7785419532324621,0.7877454516253387
rbf,0.5,0.7288135593220338,0.8363636363636363,0.7752808988764046,0.7801526981873582
poly,0.05,0.5610169491525424,1.0,0.7181719260065288,0.7597296250530237
poly,0.1,0.5627118644067797,1.0,0.7189542483660131,0.7605553709242643
poly,0.15,0.5627118644067797,1.0,0.7189542483660131,0.7605553709242643
poly,0.2,0.5644067796610169,0.996969696969697,0.7191256830601094,0.7601673865636078
poly,0.25,0.5847457627118644,0.9939393939393939,0.7280799112097668,0.7689216892870084
poly,0.3,0.6169491525423729,0.9696969696969697,0.7390300230946881,0.7752253817780103
poly,0.35,0.6508474576271186,0.9545454545454546,0.7535885167464115,0.7863271429729949
poly,0.4,0.6847457627118644,0.9303030303030303,0.7675,0.7941829310049648
poly,0.45,0.7033898305084746,0.9,0.7724317295188557,0.7919405200091102
poly,0.5,0.7169491525423729,0.8636363636363636,0.773405698778833,0.7846637383191899
rbf,0.05,0.559322033898305,1.0,0.717391304347826,0.7589044460820437
rbf,0.1,0.559322033898305,1.0,0.717391304347826,0.7589044460820437
rbf,0.15,0.559322033898305,1.0,0.717391304347826,0.7589044460820437
rbf,0.2,0.5644067796610169,0.9757575757575757,0.7147613762486125,0.751641910555735
rbf,0.25,0.6152542372881356,0.9242424242424242,0.7287933094384706,0.7560966569896769
rbf,0.3,0.6508474576271186,0.8909090909090909,0.7405541561712846,0.760770234902498
rbf,0.35,0.6813559322033899,0.8757575757575757,0.7545691906005221,0.7705608995204959
rbf,0.4,0.6915254237288135,0.8454545454545455,0.7540540540540541,0.7636780077458044
rbf,0.45,0.6966101694915254,0.8212121212121212,0.7517337031900139,0.7565186646312202
rbf,0.5,0.7050847457627119,0.793939393939394,0.7507163323782237,0.7499134906934432
poly,0.05,0.559322033898305,1.0,0.717391304347826,0.7589044460820437
poly,0.1,0.5576271186440678,0.996969696969697,0.7159956474428728,0.7568641543522124
poly,0.15,0.5644067796610169,0.9878787878787879,0.7172717271727174,0.7565190982375074
poly,0.2,0.5915254237288136,0.9666666666666667,0.7258248009101252,0.7613389637685352
poly,0.25,0.635593220338983,0.9424242424242424,0.7431302270011948,0.7737158965881402
poly,0.3,0.6491525423728813,0.9090909090909091,0.7434944237918215,0.7672459584185374
poly,0.35,0.6745762711864407,0.8878787878787879,0.7532133676092545,0.771889475558161
poly,0.4,0.6949152542372882,0.8575757575757575,0.7587131367292226,0.7704013828474228
poly,0.45,0.7016949152542373,0.8272727272727273,0.7562326869806093,0.7617334431691912
poly,0.5,0.7101694915254237,0.793939393939394,0.7539568345323742,0.7526885733323972
rbf,0.05,0.559322033898305,1.0,0.717391304347826,0.7589044460820437
rbf,0.1,0.559322033898305,1.0,0.717391304347826,0.7589044460820437
rbf,0.15,0.5559322033898305,0.990909090909091,0.7139737991266375,0.753605031141853
rbf,0.2,0.5745762711864407,0.9606060606060606,0.7163841807909606,0.7505221708611539
rbf,0.25,0.6220338983050847,0.9030303030303031,0.7277167277167277,0.7509269763507053
rbf,0.3,0.6474576271186441,0.8606060606060606,0.7319587628865979,0.7466741502037676
rbf,0.35,0.6457627118644068,0.8181818181818182,0.7209612817089454,0.7283019372517234
rbf,0.4,0.6508474576271186,0.7787878787878788,0.7138888888888889,0.7145080751012954
rbf,0.45,0.6457627118644068,0.7303030303030303,0.6975397973950797,0.691201846520839
rbf,0.5,0.6474576271186441,0.6909090909090909,0.6867469879518073,0.6750379019931808
poly,0.05,0.559322033898305,1.0,0.717391304347826,0.7589044460820437
poly,0.1,0.5542372881355933,0.990909090909091,0.7131952017448201,0.7527805269298348
poly,0.15,0.5627118644067797,0.9818181818181818,0.7152317880794701,0.753253944768144
poly,0.2,0.5779661016949152,0.9575757575757575,0.717366628830874,0.7509694960338488
poly,0.25,0.6152542372881356,0.9090909090909091,0.7255139056831921,0.749953017354079
poly,0.3,0.6305084745762712,0.8575757575757575,0.721938775510204,0.736674335887411
poly,0.35,0.6457627118644068,0.8181818181818182,0.7209612817089454,0.7283019372517234
poly,0.4,0.6440677966101694,0.7727272727272727,0.7083333333333333,0.7083761342235917
poly,0.45,0.652542372881356,0.7121212121212122,0.6962962962962962,0.6869866270996215
poly,0.5,0.6457627118644068,0.6787878787878788,0.6818873668188736,0.6688126524903865
rbf,0.05,0.559322033898305,1.0,0.717391304347826,0.7589044460820437
rbf,0.1,0.559322033898305,1.0,0.717391304347826,0.7589044460820437
rbf,0.15,0.5627118644067797,1.0,0.7189542483660131,0.7605553709242643
rbf,0.2,0.5983050847457627,0.9818181818181818,0.7322033898305086,0.7707755521314844
rbf,0.25,0.6423728813559322,0.9393939393939394,0.746089049338147,0.7759519566960061
rbf,0.3,0.6576271186440678,0.9090909090909091,0.7481296758104737,0.7716159011818169
rbf,0.35,0.6711864406779661,0.8757575757575757,0.7487046632124352,0.7652162265493256
rbf,0.4,0.688135593220339,0.8575757575757575,0.7546666666666666,0.7667926724875876
rbf,0.45,0.6983050847457627,0.8333333333333334,0.7554945054945055,0.7623776411912004
rbf,0.5,0.7,0.796969696969697,0.7482219061166429,0.74839720102878
poly,0.05,0.5576271186440678,0.996969696969697,0.7159956474428728,0.7568641543522124
poly,0.1,0.5610169491525424,0.996969696969697,0.7175572519083969,0.7585146326768788
poly,0.15,0.5627118644067797,0.996969696969697,0.7183406113537117,0.7593407242433962
poly,0.2,0.5610169491525424,0.990909090909091,0.7163198247535597,0.7560819549383977
poly,0.25,0.5694915254237288,0.9878787878787879,0.7196467991169978,0.7590057041398381
poly,0.3,0.5949152542372881,0.9727272727272728,0.7287173666288308,0.7654532978644638
poly,0.35,0.6220338983050847,0.9575757575757575,0.7391812865497077,0.7729303141435167
poly,0.4,0.6338983050847458,0.9242424242424242,0.7384987893462469,0.7655465062244723
poly,0.45,0.6593220338983051,0.9090909090909091,0.7490636704119851,0.7724922044670665
poly,0.5,0.6644067796610169,0.8666666666666667,0.7428571428571429,0.7579768630616087
rbf,0.05,0.559322033898305,1.0,0.717391304347826,0.7589044460820437
rbf,0.1,0.559322033898305,1.0,0.717391304347826,0.7589044460820437
rbf,0.15,0.5576271186440678,0.9939393939393939,0.7153762268266085,0.7556475798033567
rbf,0.2,0.6016949152542372,0.9757575757575757,0.7326507394766781,0.7700344101628304
rbf,0.25,0.6338983050847458,0.9424242424242424,0.7422434367541766,0.7728553280877216
rbf,0.3,0.6677966101694915,0.9121212121212121,0.7543859649122808,0.7781012624009948
rbf,0.35,0.6932203389830508,0.8787878787878788,0.7621550591327201,0.7780544256345499
rbf,0.4,0.7084745762711865,0.8545454545454545,0.7663043478260869,0.776441459547576
rbf,0.45,0.7169491525423729,0.8363636363636363,0.7677329624478442,0.7736819171179512
rbf,0.5,0.7135593220338983,0.8090909090909091,0.759601706970128,0.7607506460316452
poly,0.05,0.559322033898305,1.0,0.717391304347826,0.7589044460820437
poly,0.1,0.5610169491525424,1.0,0.7181719260065288,0.7597296250530237
poly,0.15,0.5677966101694916,0.996969696969697,0.7207009857612267,0.761822430966805
poly,0.2,0.5949152542372881,0.9787878787878788,0.7299435028248589,0.7678822119500085
poly,0.25,0.6152542372881356,0.9545454545454546,0.7351225204200702,0.7683074040845534
poly,0.3,0.6338983050847458,0.9121212121212121,0.7359413202933984,0.7606536124997855
poly,0.35,0.6677966101694915,0.8878787878787879,0.7493606138107416,0.7683453372863404
poly,0.4,0.6966101694915254,0.8424242424242424,0.7564625850340136,0.7651656656499272
poly,0.45,0.7016949152542373,0.8121212121212121,0.752808988764045,0.7555417053798316
poly,0.5,0.6864406779661016,0.7606060606060606,0.7307132459970889,0.725919994856417
rbf,0.05,0.559322033898305,1.0,0.717391304347826,0.7589044460820437
rbf,0.1,0.559322033898305,1.0,0.717391304347826,0.7589044460820437
rbf,0.15,0.5610169491525424,1.0,0.7181719260065288,0.7597296250530237
rbf,0.2,0.5847457627118644,0.9787878787878788,0.7250280583613916,0.7628538999537117
rbf,0.25,0.6237288135593221,0.9303030303030303,0.7344497607655501,0.7628272015426342
rbf,0.3,0.6610169491525424,0.8848484848484849,0.7448979591836734,0.7635877977282335
rbf,0.35,0.6813559322033899,0.8545454545454545,0.7500000000000001,0.7619671289162815
rbf,0.4,0.6966101694915254,0.8303030303030303,0.7537826685006876,0.7602319560984144
rbf,0.45,0.6949152542372882,0.806060606060606,0.7471910112359551,0.7493889571779498
rbf,0.5,0.7033898305084746,0.7787878787878788,0.7460087082728593,0.7427288058564042
poly,0.05,0.5610169491525424,0.996969696969697,0.7175572519083969,0.7585146326768788
poly,0.1,0.5610169491525424,0.9939393939393939,0.7169398907103824,0.757298744600773
poly,0.15,0.5627118644067797,0.9939393939393939,0.7177242888402625,0.7581251823954788
poly,0.2,0.5779661016949152,0.9666666666666667,0.7192784667418265,0.7546370783678028
poly,0.25,0.6186440677966102,0.9303030303030303,0.7318235995232419,0.7602568992076275
poly,0.3,0.6474576271186441,0.9,0.740648379052369,0.7627020020570043
poly,0.35,0.676271186440678,0.8666666666666667,0.7496723460026213,0.7642033997033219
poly,0.4,0.688135593220339,0.8333333333333334,0.7493188010899182,0.7569292425478635
poly,0.45,0.688135593220339,0.793939393939394,0.7401129943502827,0.7407293271700052
poly,0.5,0.7,0.7696969696969697,0.7416058394160584,0.7371009363710094
rbf,0.05,0.559322033898305,1.0,0.717391304347826,0.7589044460820437
rbf,0.1,0.559322033898305,1.0,0.717391304347826,0.7589044460820437
rbf,0.15,0.5610169491525424,1.0,0.7181719260065288,0.7597296250530237
rbf,0.2,0.5728813559322034,0.9818181818181818,0.72,0.7582331792501283
rbf,0.25,0.6305084745762712,0.9515151515151515,0.7423167848699764,0.774780136987133
rbf,0.3,0.676271186440678,0.9090909090909091,0.7585335018963337,0.7812985324759736
rbf,0.35,0.6847457627118644,0.8848484848484849,0.7584415584415585,0.7760119353339693
rbf,0.4,0.7016949152542373,0.8515151515151516,0.7615176151761518,0.7715758939818468
rbf,0.45,0.7084745762711865,0.8212121212121212,0.7591036414565825,0.7629301129799634
rbf,0.5,0.711864406779661,0.796969696969697,0.7557471264367815,0.7548604100620465
poly,0.05,0.559322033898305,1.0,0.717391304347826,0.7589044460820437
poly,0.1,0.559322033898305,1.0,0.717391304347826,0.7589044460820437
poly,0.15,0.5677966101694916,1.0,0.7213114754098361,0.7630360285264426
poly,0.2,0.5915254237288136,0.9787878787878788,0.7282976324689966,0.7662036449952296
poly,0.25,0.6372881355932203,0.9424242424242424,0.7440191387559809,0.7745771722578145
poly,0.3,0.6694915254237288,0.9121212121212121,0.7553324968632372,0.7789817448027261
poly,0.35,0.676271186440678,0.8636363636363636,0.7490144546649146,0.762974001580652
poly,0.4,0.6932203389830508,0.8242424242424242,0.7503448275862068,0.7559358636038939
poly,0.45,0.7050847457627119,0.7909090909090909,0.75,0.7486646122239343
poly,0.5,0.7016949152542373,0.7575757575757576,0.7396449704142012,0.7329718810813987
rbf,0.05,0.559322033898305,1.0,0.717391304347826,0.7589044460820437
rbf,0.1,0.559322033898305,1.0,0.717391304347826,0.7589044460820437
rbf,0.15,0.5576271186440678,0.9939393939393939,0.7153762268266085,0.7556475798033567
rbf,0.2,0.5830508474576271,0.9515151515151515,0.7185354691075514,0.7510338226934433
rbf,0.25,0.635593220338983,0.9030303030303031,0.7348951911220715,0.7578395714971191
rbf,0.3,0.6728813559322034,0.8727272727272727,0.7490247074122236,0.7648777786905665
rbf,0.35,0.6796610169491526,0.8454545454545455,0.7469879518072289,0.7573678380703089
rbf,0.4,0.7016949152542373,0.8212121212121212,0.7548746518105849,0.759260562758981
rbf,0.45,0.7067796610169491,0.8,0.75320970042796,0.753329787148303
rbf,0.5,0.7050847457627119,0.7636363636363637,0.7433628318584072,0.7373613137524943
poly,0.05,0.5576271186440678,0.996969696969697,0.7159956474428728,0.7568641543522124
poly,0.1,0.559322033898305,0.9848484848484849,0.7142857142857143,0.7528187443441681
poly,0.15,0.5847457627118644,0.9757575757575757,0.7244094488188977,0.7616375957627793
poly,0.2,0.5983050847457627,0.9242424242424242,0.7201889020070839,0.7475788036650903
poly,0.25,0.6508474576271186,0.8818181818181818,0.7385786802030457,0.7570814398827821
poly,0.3,0.676271186440678,0.8484848484848485,0.7456724367509987,0.7568094905588417
poly,0.35,0.6949152542372882,0.806060606060606,0.7471910112359551,0.7493889571779498
poly,0.4,0.7067796610169491,0.7818181818181819,0.7489114658925979,0.7458364362425763
poly,0.45,0.7016949152542373,0.7393939393939394,0.7349397590361445,0.725342871228107
poly,0.5,0.6847457627118644,0.6818181818181818,0.7075471698113208,0.6913703714471223
rbf,0.05,0.559322033898305,1.0,0.717391304347826,0.7589044460820437
rbf,0.1,0.559322033898305,1.0,0.717391304347826,0.7589044460820437
rbf,0.15,0.5627118644067797,1.0,0.7189542483660131,0.7605553709242643
rbf,0.2,0.588135593220339,0.9727272727272728,0.7254237288135592,0.762095531587057
rbf,0.25,0.635593220338983,0.9303030303030303,0.7406513872135102,0.7688492126185079
rbf,0.3,0.6677966101694915,0.8909090909090909,0.7499999999999999,0.7695685670261941
rbf,0.35,0.6932203389830508,0.8636363636363636,0.7589880159786953,0.7719482395327032
rbf,0.4,0.7050847457627119,0.8484848484848485,0.7629427792915532,0.7721707911797046
rbf,0.45,0.7016949152542373,0.8121212121212121,0.752808988764045,0.7555417053798316
rbf,0.5,0.7050847457627119,0.7878787878787878,0.7492795389048993,0.7474143575154663
poly,0.05,0.559322033898305,1.0,0.717391304347826,0.7589044460820437
poly,0.1,0.559322033898305,1.0,0.717391304347826,0.7589044460820437
poly,0.15,0.5644067796610169,1.0,0.7197382769901853,0.7613816855504009
poly,0.2,0.5864406779661017,0.9878787878787879,0.7276785714285715,0.7673326790911537
poly,0.25,0.6169491525423729,0.9515151515151515,0.7353629976580797,0.7679424339052013
poly,0.3,0.6372881355932203,0.906060606060606,0.7364532019704433,0.7599339812080897
poly,0.35,0.6847457627118644,0.8909090909090909,0.7596899224806202,0.7784482587005251
poly,0.4,0.7016949152542373,0.8424242424242424,0.7595628415300546,0.7678939997361782
poly,0.45,0.7237288135593221,0.8181818181818182,0.7681365576102418,0.7700157297837941
poly,0.5,0.711864406779661,0.7515151515151515,0.7447447447447447,0.736041434346519
rbf,0.05,0.559322033898305,1.0,0.717391304347826,0.7589044460820437
rbf,0.1,0.559322033898305,1.0,0.717391304347826,0.7589044460820437
rbf,0.15,0.559322033898305,1.0,0.717391304347826,0.7589044460820437
rbf,0.2,0.5627118644067797,0.996969696969697,0.7183406113537117,0.7593407242433962
rbf,0.25,0.6050847457627119,0.9515151515151515,0.7293844367015098,0.7619947779931243
rbf,0.3,0.6508474576271186,0.9272727272727272,0.7481662591687042,0.7754288146895166
rbf,0.35,0.676271186440678,0.9090909090909091,0.7585335018963337,0.7812985324759736
rbf,0.4,0.6745762711864407,0.8636363636363636,0.7480314960629921,0.7620813769619321
rbf,0.45,0.688135593220339,0.8424242424242424,0.7513513513513514,0.7606370623319775
rbf,0.5,0.7033898305084746,0.8242424242424242,0.7566063977746871,0.7614128841751953
poly,0.05,0.559322033898305,1.0,0.717391304347826,0.7589044460820437
poly,0.1,0.559322033898305,1.0,0.717391304347826,0.7589044460820437
poly,0.15,0.5610169491525424,1.0,0.7181719260065288,0.7597296250530237
poly,0.2,0.5644067796610169,1.0,0.7197382769901853,0.7613816855504009
poly,0.25,0.5677966101694916,1.0,0.7213114754098361,0.7630360285264426
poly,0.3,0.6016949152542372,0.990909090909091,0.7356580427446568,0.7760873496359949
poly,0.35,0.6186440677966102,0.9666666666666667,0.7392815758980302,0.7748641034537691
poly,0.4,0.6457627118644068,0.9333333333333333,0.7466666666666667,0.7752542372881356
poly,0.45,0.6644067796610169,0.9121212121212121,0.7525,0.7763426639274096
poly,0.5,0.6745762711864407,0.8787878787878788,0.7512953367875648,0.768219828920628
rbf,0.05,0.559322033898305,1.0,0.717391304347826,0.7589044460820437
rbf,0.1,0.559322033898305,1.0,0.717391304347826,0.7589044460820437
rbf,0.15,0.5610169491525424,0.996969696969697,0.7175572519083969,0.7585146326768788
rbf,0.2,0.588135593220339,0.9787878787878788,0.7266591676040495,0.7645275465374225
rbf,0.25,0.6338983050847458,0.9454545454545454,0.742857142857143,0.7740699977988114
rbf,0.3,0.6644067796610169,0.9272727272727272,0.7555555555555555,0.7824116874964332
rbf,0.35,0.6830508474576271,0.896969696969697,0.7599486521181,0.7799897321818081
rbf,0.4,0.6847457627118644,0.8666666666666667,0.7546174142480211,0.7686766145421841
rbf,0.45,0.6830508474576271,0.8272727272727273,0.7448840381991815,0.751735870976512
rbf,0.5,0.6949152542372882,0.803030303030303,0.7464788732394365,0.7481414768356759
poly,0.05,0.559322033898305,1.0,0.717391304347826,0.7589044460820437
poly,0.1,0.5610169491525424,1.0,0.7181719260065288,0.7597296250530237
poly,0.15,0.5694915254237288,0.9939393939393939,0.7208791208791209,0.7614366800807479
poly,0.2,0.5898305084745763,0.9848484848484849,0.7286995515695067,0.7677928482975226
poly,0.25,0.6203389830508474,0.9606060606060606,0.7389277389277388,0.7732909275282157
poly,0.3,0.6474576271186441,0.9242424242424242,0.745721271393643,0.7724737742515705
poly,0.35,0.6661016949152543,0.8848484848484849,0.7477592829705507,0.7662364875780967
poly,0.4,0.6813559322033899,0.8575757575757575,0.7506631299734747,0.7631982732508741
poly,0.45,0.6864406779661016,0.8212121212121212,0.7455295735900964,0.751060790922773
poly,0.5,0.6966101694915254,0.803030303030303,0.7475317348377997,0.7490574024532094
rbf,0.05,0.559322033898305,1.0,0.717391304347826,0.7589044460820437
rbf,0.1,0.559322033898305,1.0,0.717391304347826,0.7589044460820437
rbf,0.15,0.559322033898305,1.0,0.717391304347826,0.7589044460820437
rbf,0.2,0.5711864406779661,0.9878787878787879,0.7204419889502763,0.7598357391690101
rbf,0.25,0.6271186440677966,0.9454545454545454,0.7393364928909951,0.7706365608044458
rbf,0.3,0.6644067796610169,0.9151515151515152,0.7531172069825436,0.7775585005983586
rbf,0.35,0.6745762711864407,0.8878787878787879,0.7532133676092545,0.771889475558161
rbf,0.4,0.7016949152542373,0.8818181818181818,0.7678100263852243,0.7837743744858812
rbf,0.45,0.7067796610169491,0.8454545454545455,0.7633378932968538,0.7718573665894494
rbf,0.5,0.7152542372881356,0.8121212121212121,0.7613636363636362,0.7629130285909946
poly,0.05,0.559322033898305,1.0,0.717391304347826,0.7589044460820437
poly,0.1,0.559322033898305,1.0,0.717391304347826,0.7589044460820437
poly,0.15,0.5610169491525424,1.0,0.7181719260065288,0.7597296250530237
poly,0.2,0.5677966101694916,1.0,0.7213114754098361,0.7630360285264426
poly,0.25,0.576271186440678,0.990909090909091,0.7234513274336283,0.7635438682611323
poly,0.3,0.6050847457627119,0.9666666666666667,0.7324913892078072,0.768080933879062
poly,0.35,0.6271186440677966,0.9393939393939394,0.738095238095238,0.7682026071856581
poly,0.4,0.6508474576271186,0.9212121212121213,0.746928746928747,0.772996108589329
poly,0.45,0.6728813559322034,0.9030303030303031,0.7553865652724968,0.7770994080783344
poly,0.5,0.6813559322033899,0.8878787878787879,0.7571059431524548,0.7754468877448776
rbf,0.05,0.559322033898305,1.0,0.717391304347826,0.7589044460820437
rbf,0.1,0.559322033898305,1.0,0.717391304347826,0.7589044460820437
rbf,0.15,0.559322033898305,1.0,0.717391304347826,0.7589044460820437
rbf,0.2,0.5627118644067797,0.9939393939393939,0.7177242888402625,0.7581251823954788
rbf,0.25,0.6237288135593221,0.9696969696969697,0.7424593967517401,0.7786283933360106
rbf,0.3,0.6813559322033899,0.9333333333333333,0.7661691542288558,0.7936194732551929
rbf,0.35,0.6983050847457627,0.8878787878787879,0.7670157068062827,0.7843998598102777
rbf,0.4,0.7237288135593221,0.8666666666666667,0.7782312925170067,0.7895422575809986
rbf,0.45,0.711864406779661,0.8181818181818182,0.7605633802816901,0.7635365350810565
rbf,0.5,0.7135593220338983,0.7878787878787878,0.7547169811320754,0.7520516970149206
poly,0.05,0.559322033898305,1.0,0.717391304347826,0.7589044460820437
poly,0.1,0.5610169491525424,1.0,0.7181719260065288,0.7597296250530237
poly,0.15,0.5627118644067797,1.0,0.7189542483660131,0.7605553709242643
poly,0.2,0.5677966101694916,0.990909090909091,0.7194719471947195,0.759392549424434
poly,0.25,0.6050847457627119,0.9606060606060606,0.7312572087658592,0.7656493383782106
poly,0.3,0.6711864406779661,0.9393939393939394,0.7616707616707616,0.7907503805808891
poly,0.35,0.6864406779661016,0.906060606060606,0.7637292464878672,0.7854101768381917
poly,0.4,0.7084745762711865,0.8575757575757575,0.7669376693766936,0.7776626677412125
poly,0.45,0.7101694915254237,0.8121212121212121,0.7581329561527581,0.7601412199331313
poly,0.5,0.7084745762711865,0.7696969696969697,0.7470588235294118,0.7417434564991893
rbf,0.05,0.559322033898305,1.0,0.717391304347826,0.7589044460820437
rbf,0.1,0.559322033898305,1.0,0.717391304347826,0.7589044460820437
rbf,0.15,0.559322033898305,1.0,0.717391304347826,0.7589044460820437
rbf,0.2,0.5661016949152542,0.9787878787878788,0.7161862527716185,0.7536919421582505
rbf,0.25,0.6440677966101694,0.9484848484848485,0.7488038277511961,0.7804521576154047
rbf,0.3,0.6966101694915254,0.9090909090909091,0.7702182284980744,0.7919731023601697
rbf,0.35,0.7084745762711865,0.8787878787878788,0.7712765957446808,0.7861796836012487
rbf,0.4,0.711864406779661,0.8363636363636363,0.7645429362880888,0.7709236598104621
rbf,0.45,0.7101694915254237,0.8,0.7553648068669527,0.7551780994641254
rbf,0.5,0.6932203389830508,0.7515151515151515,0.7326440177252584,0.7257931694078202
poly,0.05,0.559322033898305,1.0,0.717391304347826,0.7589044460820437
poly,0.1,0.559322033898305,1.0,0.717391304347826,0.7589044460820437
poly,0.15,0.5610169491525424,1.0,0.7181719260065288,0.7597296250530237
poly,0.2,0.5627118644067797,0.996969696969697,0.7183406113537117,0.7593407242433962
poly,0.25,0.5711864406779661,0.9848484848484849,0.7198228128460685,0.7586192461241731
poly,0.3,0.6033898305084746,0.9666666666666667,0.731651376146789,0.7672359577739768
poly,0.35,0.6508474576271186,0.9333333333333333,0.7493917274939174,0.7778575061514564
poly,0.4,0.6813559322033899,0.896969696969697,0.7589743589743589,0.7790999960491486
poly,0.45,0.7016949152542373,0.8636363636363636,0.7640750670241286,0.7764687819715764
poly,0.5,0.7101694915254237,0.8363636363636363,0.7634854771784232,0.770006201689161
rbf,0.05,0.559322033898305,1.0,0.717391304347826,0.7589044460820437
rbf,0.1,0.559322033898305,1.0,0.717391304347826,0.7589044460820437
rbf,0.15,0.5610169491525424,0.996969696969697,0.7175572519083969,0.7585146326768788
rbf,0.2,0.5711864406779661,0.9606060606060606,0.7147688838782412,0.7488537950540892
rbf,0.25,0.6237288135593221,0.9242424242424242,0.7331730769230769,0.7603814382416078
rbf,0.3,0.6559322033898305,0.9,0.7452948557089084,0.7670756863662463
rbf,0.35,0.6661016949152543,0.8696969696969697,0.7444876783398184,0.7600954476506808
rbf,0.4,0.6864406779661016,0.8484848484848485,0.7516778523489932,0.7622011262666478
rbf,0.45,0.7067796610169491,0.8303030303030303,0.7600554785020803,0.76571272327402
rbf,0.5,0.7033898305084746,0.803030303030303,0.75177304964539,0.7527310610613892
poly,0.05,0.559322033898305,1.0,0.717391304347826,0.7589044460820437
poly,0.1,0.559322033898305,1.0,0.717391304347826,0.7589044460820437
poly,0.15,0.5644067796610169,1.0,0.7197382769901853,0.7613816855504009
poly,0.2,0.5644067796610169,1.0,0.7197382769901853,0.7613816855504009
poly,0.25,0.5728813559322034,0.9727272727272728,0.7181208053691276,0.7545764780095346
poly,0.3,0.6033898305084746,0.9454545454545454,0.7272727272727273,0.7587057010785824
poly,0.35,0.6322033898305085,0.9121212121212121,0.7350427350427351,0.7597891123314852
poly,0.4,0.6542372881355932,0.8818181818181818,0.7404580152671757,0.7588378284069837
poly,0.45,0.6864406779661016,0.8484848484848485,0.7516778523489932,0.7622011262666478
poly,0.5,0.6915254237288135,0.8181818181818182,0.7479224376731302,0.7525432265279206
rbf,0.05,0.559322033898305,1.0,0.717391304347826,0.7589044460820437
rbf,0.1,0.559322033898305,1.0,0.717391304347826,0.7589044460820437
rbf,0.15,0.559322033898305,1.0,0.717391304347826,0.7589044460820437
rbf,0.2,0.5661016949152542,0.990909090909091,0.7186813186813186,0.7585640348352213
rbf,0.25,0.6203389830508474,0.9666666666666667,0.740139211136891,0.775714953618135
rbf,0.3,0.6644067796610169,0.9242424242424242,0.7549504950495048,0.781199899650982
rbf,0.35,0.6796610169491526,0.9030303030303031,0.7592356687898089,0.7806423295897549
rbf,0.4,0.6915254237288135,0.8757575757575757,0.7605263157894737,0.7759364384252877
rbf,0.45,0.711864406779661,0.8575757575757575,0.7690217391304347,0.7794873011619511
rbf,0.5,0.7186440677966102,0.8303030303030303,0.7675070028011204,0.7721513669669203
poly,0.05,0.559322033898305,1.0,0.717391304347826,0.7589044460820437
poly,0.1,0.559322033898305,1.0,0.717391304347826,0.7589044460820437
poly,0.15,0.559322033898305,0.996969696969697,0.7167755991285403,0.7576891099988474
poly,0.2,0.5694915254237288,0.996969696969697,0.7214912280701754,0.7626508168212004
poly,0.25,0.588135593220339,0.9818181818181818,0.7272727272727273,0.7657421674370827
poly,0.3,0.6186440677966102,0.9636363636363636,0.7386759581881532,0.773652129873709
poly,0.35,0.6423728813559322,0.9363636363636364,0.7454764776839565,0.7747376651345084
poly,0.4,0.6728813559322034,0.9121212121212121,0.7572327044025157,0.7807450908186437
poly,0.45,0.6864406779661016,0.8787878787878788,0.7581699346405228,0.7744661637981678
poly,0.5,0.6949152542372882,0.8575757575757575,0.7587131367292226,0.7704013828474228
rbf,0.05,0.559322033898305,1.0,0.717391304347826,0.7589044460820437
rbf,0.1,0.559322033898305,1.0,0.717391304347826,0.7589044460820437
rbf,0.15,0.5610169491525424,1.0,0.7181719260065288,0.7597296250530237
rbf,0.2,0.5796610169491525,0.9939393939393939,0.7256637168141592,0.7664213759009019
rbf,0.25,0.6423728813559322,0.9757575757575757,0.7532163742690058,0.7904489437941712
rbf,0.3,0.6779661016949152,0.9303030303030303,0.7636815920398009,0.7906502413459154
rbf,0.35,0.6983050847457627,0.8909090909090909,0.7676240208877285,0.7856127321808607
rbf,0.4,0.7084745762711865,0.8606060606060606,0.7675675675675675,0.7788827348149381
rbf,0.45,0.7305084745762712,0.8303030303030303,0.7751060820367751,0.7786391956386923
rbf,0.5,0.7305084745762712,0.8,0.7685589519650655,0.7663558088471123
poly,0.05,0.559322033898305,1.0,0.717391304347826,0.7589044460820437
poly,0.1,0.559322033898305,1.0,0.717391304347826,0.7589044460820437
poly,0.15,0.5610169491525424,1.0,0.7181719260065288,0.7597296250530237
poly,0.2,0.5813559322033899,0.990909090909091,0.7258601553829078,0.7660417261651297
poly,0.25,0.6288135593220339,0.9666666666666667,0.7444574095682615,0.7799792118523206
poly,0.3,0.676271186440678,0.9393939393939394,0.7644882860665844,0.7933844706337339
poly,0.35,0.6932203389830508,0.8909090909090909,0.764629388816645,0.7829196062362622
poly,0.4,0.7237288135593221,0.8484848484848485,0.7745504840940526,0.7822547153794077
poly,0.45,0.7152542372881356,0.7878787878787878,0.7558139534883721,0.7529823262184318
poly,0.5,0.7186440677966102,0.7575757575757576,0.7507507507507507,0.7423235253743729
rbf,0.05,0.559322033898305,1.0,0.717391304347826,0.7589044460820437
rbf,0.1,0.559322033898305,1.0,0.717391304347826,0.7589044460820437
rbf,0.15,0.5644067796610169,0.996969696969697,0.7191256830601094,0.7601673865636078
rbf,0.2,0.5745762711864407,0.9575757575757575,0.7157417893544733,0.7492979393722239
rbf,0.25,0.6203389830508474,0.9090909090909091,0.7281553398058253,0.752528410649194
rbf,0.3,0.6779661016949152,0.8909090909090909,0.755784061696658,0.7748864181002214
rbf,0.35,0.6864406779661016,0.8636363636363636,0.7549668874172185,0.7683479763398946
rbf,0.4,0.6966101694915254,0.8393939393939394,0.7557980900409278,0.7639340663087975
rbf,0.45,0.7050847457627119,0.8151515151515152,0.75561797752809,0.7586180794807724
rbf,0.5,0.7,0.7787878787878788,0.743849493487699,0.7408791240918592
poly,0.05,0.559322033898305,1.0,0.717391304347826,0.7589044460820437
poly,0.1,0.5576271186440678,0.996969696969697,0.7159956474428728,0.7568641543522124
poly,0.15,0.5644067796610169,0.990909090909091,0.7178924259055982,0.7577360988252354
poly,0.2,0.5864406779661017,0.9636363636363636,0.7227272727272727,0.7576014381099127
poly,0.25,0.6322033898305085,0.9272727272727272,0.738238841978287,0.7659049863605075
poly,0.3,0.6542372881355932,0.8909090909090909,0.7424242424242423,0.7625235404896421
poly,0.35,0.688135593220339,0.8606060606060606,0.7553191489361702,0.7680202675875233
poly,0.4,0.6966101694915254,0.8363636363636363,0.7551299589603284,0.7627012549384968
poly,0.45,0.7016949152542373,0.7909090909090909,0.7478510028653295,0.7468183363428859
poly,0.5,0.7135593220338983,0.7696969696969697,0.7503692762186115,0.7445418559831598
rbf,0.05,0.559322033898305,1.0,0.717391304347826,0.7589044460820437
rbf,0.1,0.559322033898305,1.0,0.717391304347826,0.7589044460820437
rbf,0.15,0.5644067796610169,0.9939393939393939,0.7185104052573932,0.7589521929526013
rbf,0.2,0.6016949152542372,0.9515151515151515,0.7276940903823871,0.7603013857172586
rbf,0.25,0.6372881355932203,0.9030303030303031,0.7358024691358025,0.7587069692531087
rbf,0.3,0.6542372881355932,0.8757575757575757,0.7391304347826088,0.7563750995585926
rbf,0.35,0.6745762711864407,0.8545454545454545,0.7460317460317459,0.7583844905878804
rbf,0.4,0.6864406779661016,0.8242424242424242,0.746227709190672,0.7523036037997327
rbf,0.45,0.6949152542372882,0.7878787878787878,0.7428571428571429,0.7418837283244063
rbf,0.5,0.7033898305084746,0.7575757575757576,0.7407407407407408,0.7339021096083244
poly,0.05,0.5576271186440678,0.996969696969697,0.7159956474428728,0.7568641543522124
poly,0.1,0.559322033898305,0.996969696969697,0.7167755991285403,0.7576891099988474
poly,0.15,0.5677966101694916,0.9939393939393939,0.7200878155872668,0.7606079398987173
poly,0.2,0.6,0.9666666666666667,0.7299771167048055,0.7655479277904907
poly,0.25,0.6322033898305085,0.9303030303030303,0.7388688327316486,0.7671250842883959
poly,0.3,0.6610169491525424,0.896969696969697,0.7474747474747474,0.7684871311989956
poly,0.35,0.6847457627118644,0.8666666666666667,0.7546174142480211,0.7686766145421841
poly,0.4,0.6864406779661016,0.8242424242424242,0.746227709190672,0.7523036037997327
poly,0.45,0.6932203389830508,0.7757575757575758,0.7388167388167387,0.7359315511857885
poly,0.5,0.6915254237288135,0.7272727272727273,0.7250755287009064,0.7146245599008157
rbf,0.05,0.559322033898305,1.0,0.717391304347826,0.7589044460820437
rbf,0.1,0.559322033898305,1.0,0.717391304347826,0.7589044460820437
rbf,0.15,0.559322033898305,1.0,0.717391304347826,0.7589044460820437
rbf,0.2,0.5779661016949152,0.9878787878787879,0.7236403995560488,0.7631617630432507
rbf,0.25,0.6067796610169491,0.9515151515151515,0.7302325581395348,0.7628424568905453
rbf,0.3,0.6559322033898305,0.9181818181818182,0.7490729295426453,0.7743956503714312
rbf,0.35,0.6813559322033899,0.9121212121212121,0.7620253164556962,0.7851674869267661
rbf,0.4,0.688135593220339,0.8787878787878788,0.7591623036649215,0.7753619252243799
rbf,0.45,0.7101694915254237,0.8545454545454545,0.7673469387755103,0.7773539616154629
rbf,0.5,0.7135593220338983,0.8303030303030303,0.7642956764295677,0.7693860095888322
poly,0.05,0.559322033898305,1.0,0.717391304347826,0.7589044460820437
poly,0.1,0.5627118644067797,1.0,0.7189542483660131,0.7605553709242643
poly,0.15,0.5627118644067797,0.996969696969697,0.7183406113537117,0.7593407242433962
poly,0.2,0.5661016949152542,0.990909090909091,0.7186813186813186,0.7585640348352213
poly,0.25,0.5864406779661017,0.9727272727272728,0.7246049661399547,0.7612576389444431
poly,0.3,0.6186440677966102,0.9606060606060606,0.738067520372526,0.772439216258399
poly,0.35,0.6474576271186441,0.9424242424242424,0.7493975903614459,0.7797598199681107
poly,0.4,0.6627118644067796,0.8939393939393939,0.7477820025348542,0.7681444202936759
poly,0.45,0.6864406779661016,0.8636363636363636,0.7549668874172185,0.7683479763398946
poly,0.5,0.7067796610169491,0.8606060606060606,0.7665317139001349,0.7779724785077148
rbf,0.05,0.559322033898305,1.0,0.717391304347826,0.7589044460820437
rbf,0.1,0.559322033898305,1.0,0.717391304347826,0.7589044460820437
rbf,0.15,0.559322033898305,1.0,0.717391304347826,0.7589044460820437
rbf,0.2,0.5745762711864407,1.0,0.7244785949506037,0.7663516220456815
rbf,0.25,0.6152542372881356,0.9666666666666667,0.7375722543352602,0.7731643860966875
rbf,0.3,0.6644067796610169,0.9272727272727272,0.7555555555555555,0.7824116874964332
rbf,0.35,0.6830508474576271,0.9090909090909091,0.7623888182973316,0.7848435249486226
rbf,0.4,0.7050847457627119,0.8909090909090909,0.7716535433070867,0.7892157933262965
rbf,0.45,0.7220338983050848,0.8545454545454545,0.7747252747252747,0.7837682091919379
rbf,0.5,0.7169491525423729,0.8090909090909091,0.7617689015691869,0.7626029877341564
poly,0.05,0.559322033898305,1.0,0.717391304347826,0.7589044460820437
poly,0.1,0.5627118644067797,1.0,0.7189542483660131,0.7605553709242643
poly,0.15,0.5661016949152542,1.0,0.7205240174672489,0.7622085707941677
poly,0.2,0.5677966101694916,0.990909090909091,0.7194719471947195,0.759392549424434
poly,0.25,0.5983050847457627,0.9666666666666667,0.7291428571428571,0.7647048695184289
poly,0.3,0.6610169491525424,0.9515151515151515,0.7584541062801933,0.7903287356492958
poly,0.35,0.6864406779661016,0.9090909090909091,0.7643312101910829,0.7866209324160313
poly,0.4,0.7084745762711865,0.8818181818181818,0.7718832891246684,0.7873920157380123
poly,0.45,0.7186440677966102,0.8333333333333334,0.7681564245810055,0.7733779419036496
poly,0.5,0.7050847457627119,0.7848484848484848,0.7485549132947977,0.7461627146353313
rbf,0.05,0.559322033898305,1.0,0.717391304347826,0.7589044460820437
rbf,0.1,0.559322033898305,1.0,0.717391304347826,0.7589044460820437
rbf,0.15,0.559322033898305,1.0,0.717391304347826,0.7589044460820437
rbf,0.2,0.5677966101694916,0.990909090909091,0.7194719471947195,0.759392549424434
rbf,0.25,0.6135593220338983,0.9575757575757575,0.7348837209302325,0.768672933513296
rbf,0.3,0.6711864406779661,0.9363636363636364,0.7610837438423645,0.7895446069613223
rbf,0.35,0.6915254237288135,0.9121212121212121,0.7678571428571429,0.7905012595690563
rbf,0.4,0.6966101694915254,0.8848484848484849,0.765399737876802,0.7822861307389374
rbf,0.45,0.7016949152542373,0.8606060606060606,0.7634408602150538,0.775247278691784
rbf,0.5,0.7,0.8303030303030303,0.7558620689655173,0.7620550330895158
poly,0.05,0.559322033898305,1.0,0.717391304347826,0.7589044460820437
poly,0.1,0.559322033898305,1.0,0.717391304347826,0.7589044460820437
poly,0.15,0.5610169491525424,1.0,0.7181719260065288,0.7597296250530237
poly,0.2,0.5711864406779661,0.9787878787878788,0.7185761957730812,0.756183505079642
poly,0.25,0.6050847457627119,0.9606060606060606,0.7312572087658592,0.7656493383782106
poly,0.3,0.6389830508474577,0.9424242424242424,0.7449101796407185,0.7754391576374728
poly,0.35,0.6627118644067796,0.9272727272727272,0.7546239210850801,0.781536170921529
poly,0.4,0.6949152542372882,0.906060606060606,0.7686375321336761,0.7898711308105235
poly,0.45,0.7033898305084746,0.8818181818181818,0.7688243064729193,0.7846774395998586
poly,0.5,0.7033898305084746,0.8515151515151516,0.762550881953867,0.7724852879924976
rbf,0.05,0.559322033898305,1.0,0.717391304347826,0.7589044460820437
rbf,0.1,0.559322033898305,1.0,0.717391304347826,0.7589044460820437
rbf,0.15,0.559322033898305,0.996969696969697,0.7167755991285403,0.7576891099988474
rbf,0.2,0.5830508474576271,0.9848484848484849,0.7254464285714285,0.7644485869591802
rbf,0.25,0.6457627118644068,0.9545454545454546,0.7508939213349225,0.7837340292482614
rbf,0.3,0.6593220338983051,0.9030303030303031,0.7478042659974906,0.7700522009753663
rbf,0.35,0.6711864406779661,0.8757575757575757,0.7487046632124352,0.7652162265493256
rbf,0.4,0.6932203389830508,0.8606060606060606,0.7583444592790386,0.7707236196227166
rbf,0.45,0.711864406779661,0.8424242424242424,0.7658402203856749,0.7733762898631928
rbf,0.5,0.7186440677966102,0.8121212121212121,0.7635327635327636,0.7647660144835285
poly,0.05,0.559322033898305,1.0,0.717391304347826,0.7589044460820437
poly,0.1,0.559322033898305,1.0,0.717391304347826,0.7589044460820437
poly,0.15,0.5644067796610169,0.996969696969697,0.7191256830601094,0.7601673865636078
poly,0.2,0.5864406779661017,0.9848484848484849,0.727069351230425,0.7661195046816704
poly,0.25,0.6305084745762712,0.9575757575757575,0.7435294117647058,0.7772045479722448
poly,0.3,0.6728813559322034,0.9303030303030303,0.7608426270136306,0.7880090044162881
poly,0.35,0.6694915254237288,0.8606060606060606,0.744429882044561,0.7581758226914501
poly,0.4,0.6949152542372882,0.8454545454545455,0.7560975609756098,0.7654891202224811
poly,0.45,0.711864406779661,0.8151515151515152,0.7598870056497175,0.762300975860298
poly,0.5,0.7067796610169491,0.7696969696969697,0.7459618208516887,0.7408128171885359
rbf,0.05,0.559322033898305,1.0,0.717391304347826,0.7589044460820437
rbf,0.1,0.559322033898305,1.0,0.717391304347826,0.7589044460820437
rbf,0.15,0.559322033898305,1.0,0.717391304347826,0.7589044460820437
rbf,0.2,0.5711864406779661,0.9878787878787879,0.7204419889502763,0.7598357391690101
rbf,0.25,0.6457627118644068,0.9606060606060606,0.7520759193357057,0.7861482306020577
rbf,0.3,0.7033898305084746,0.9333333333333333,0.7787610619469028,0.8051614085962369
rbf,0.35,0.7186440677966102,0.9,0.7815789473684212,0.8000743383883439
rbf,0.4,0.7237288135593221,0.8696969696969697,0.7788331071913162,0.7907529634825359
rbf,0.45,0.7406779661016949,0.8545454545454545,0.7866108786610878,0.7939447664360791
rbf,0.5,0.7288135593220338,0.8090909090909091,0.7694524495677233,0.769118972660222
poly,0.05,0.559322033898305,1.0,0.717391304347826,0.7589044460820437
poly,0.1,0.559322033898305,1.0,0.717391304347826,0.7589044460820437
poly,0.15,0.559322033898305,0.996969696969697,0.7167755991285403,0.7576891099988474
poly,0.2,0.5779661016949152,0.990909090909091,0.7242524916943522,0.7643758947661196
poly,0.25,0.6305084745762712,0.9696969696969697,0.745920745920746,0.7820420633979955
poly,0.3,0.676271186440678,0.9393939393939394,0.7644882860665844,0.7933844706337339
poly,0.35,0.7135593220338983,0.9151515151515152,0.7813712807244502,0.8033607059699545
poly,0.4,0.7288135593220338,0.8666666666666667,0.7814207650273224,0.7923003303386743
poly,0.45,0.7423728813559322,0.8393939393939394,0.7847025495750708,0.7888231234416475
poly,0.5,0.7186440677966102,0.7818181818181819,0.7565982404692083,0.7523534966946669
rbf,0.05,0.559322033898305,1.0,0.717391304347826,0.7589044460820437
rbf,0.1,0.559322033898305,1.0,0.717391304347826,0.7589044460820437
rbf,0.15,0.559322033898305,1.0,0.717391304347826,0.7589044460820437
rbf,0.2,0.5711864406779661,0.990909090909091,0.721058434399118,0.7610513219953917
rbf,0.25,0.6508474576271186,0.9545454545454546,0.7535885167464115,0.7863271429729949
rbf,0.3,0.6966101694915254,0.9212121212121213,0.7725540025412961,0.7967920977483143
rbf,0.35,0.7135593220338983,0.896969696969697,0.7779237844940866,0.7961509344992272
rbf,0.4,0.7152542372881356,0.8575757575757575,0.771117166212534,0.7813157203588089
rbf,0.45,0.7254237288135593,0.8212121212121212,0.7698863636363636,0.7721740712206814
rbf,0.5,0.7288135593220338,0.796969696969697,0.7667638483965014,0.7641823682294108
poly,0.05,0.559322033898305,1.0,0.717391304347826,0.7589044460820437
poly,0.1,0.5576271186440678,0.996969696969697,0.7159956474428728,0.7568641543522124
poly,0.15,0.5610169491525424,0.9939393939393939,0.7169398907103824,0.757298744600773
poly,0.2,0.5949152542372881,0.9787878787878788,0.7299435028248589,0.7678822119500085
poly,0.25,0.6389830508474577,0.9484848484848485,0.7461263408820024,0.7778647467381029
poly,0.3,0.6796610169491526,0.9121212121212121,0.7610619469026548,0.7842813919910064
poly,0.35,0.7135593220338983,0.8939393939393939,0.77733860342556,0.7949457731329508
poly,0.4,0.7322033898305085,0.8606060606060606,0.7823691460055097,0.7917261988140263
poly,0.45,0.7338983050847457,0.8212121212121212,0.7753934191702433,0.7768346151557034
poly,0.5,0.7220338983050848,0.7666666666666667,0.7552238805970151,0.7479748151895889
rbf,0.05,0.559322033898305,1.0,0.717391304347826,0.7589044460820437
rbf,0.1,0.559322033898305,1.0,0.717391304347826,0.7589044460820437
rbf,0.15,0.5576271186440678,0.996969696969697,0.7159956474428728,0.7568641543522124
rbf,0.2,0.5813559322033899,0.9878787878787879,0.7252502780867631,0.7648283327229803
rbf,0.25,0.6254237288135593,0.9242424242424242,0.7340553549939832,0.7612405026833223
rbf,0.3,0.652542372881356,0.8939393939393939,0.7421383647798742,0.762873377200208
rbf,0.35,0.6661016949152543,0.8727272727272727,0.7451487710219923,0.7613259128881732
rbf,0.4,0.688135593220339,0.8545454545454545,0.7540106951871657,0.765563914317653
rbf,0.45,0.6847457627118644,0.8181818181818182,0.7438016528925621,0.7489097445954149
rbf,0.5,0.6745762711864407,0.7696969696969697,0.7257142857142858,0.7233291755325654
poly,0.05,0.559322033898305,1.0,0.717391304347826,0.7589044460820437
poly,0.1,0.559322033898305,1.0,0.717391304347826,0.7589044460820437
poly,0.15,0.5610169491525424,1.0,0.7181719260065288,0.7597296250530237
poly,0.2,0.5661016949152542,0.996969696969697,0.7199124726477024,0.7609946215108844
poly,0.25,0.576271186440678,0.990909090909091,0.7234513274336283,0.7635438682611323
poly,0.3,0.5915254237288136,0.9636363636363636,0.7251995438996579,0.760120443754945
poly,0.35,0.6254237288135593,0.9363636363636364,0.7365911799761622,0.766126181717786
poly,0.4,0.6474576271186441,0.896969696969697,0.74,0.7614757746961137
poly,0.45,0.6627118644067796,0.8696969696969697,0.7425614489003881,0.7583234276680458
poly,0.5,0.6796610169491526,0.8484848484848485,0.7476635514018691,0.7586031389452902
rbf,0.05,0.559322033898305,1.0,0.717391304347826,0.7589044460820437
rbf,0.1,0.559322033898305,1.0,0.717391304347826,0.7589044460820437
rbf,0.15,0.559322033898305,1.0,0.717391304347826,0.7589044460820437
rbf,0.2,0.5745762711864407,0.9939393939393939,0.7232635060639472,0.7639263903965938
rbf,0.25,0.6135593220338983,0.9363636363636364,0.7304964539007093,0.7601398040994146
rbf,0.3,0.6406779661016949,0.9,0.7369727047146403,0.7592168902721118
rbf,0.35,0.6576271186440678,0.8848484848484849,0.7430025445292621,0.7618260493406049
rbf,0.4,0.6728813559322034,0.8606060606060606,0.7463863337713535,0.7599579167698725
rbf,0.45,0.6745762711864407,0.8242424242424242,0.7391304347826086,0.7459830434038245
rbf,0.5,0.6711864406779661,0.7848484848484848,0.7275280898876404,0.7278543384713637
poly,0.05,0.559322033898305,1.0,0.717391304347826,0.7589044460820437
poly,0.1,0.559322033898305,1.0,0.717391304347826,0.7589044460820437
poly,0.15,0.5627118644067797,1.0,0.7189542483660131,0.7605553709242643
poly,0.2,0.5627118644067797,1.0,0.7189542483660131,0.7605553709242643
poly,0.25,0.5694915254237288,1.0,0.7221006564551423,0.7638640606262904
poly,0.3,0.5864406779661017,0.9878787878787879,0.7276785714285715,0.7673326790911537
poly,0.35,0.6152542372881356,0.9575757575757575,0.7357392316647264,0.7695230755095398
poly,0.4,0.6288135593220339,0.9363636363636364,0.7383512544802868,0.7678428167219856
poly,0.45,0.6474576271186441,0.9030303030303031,0.7412935323383084,0.7639271541624185
poly,0.5,0.6559322033898305,0.8696969696969697,0.7387387387387389,0.7547893039418464
rbf,0.05,0.559322033898305,1.0,0.717391304347826,0.7589044460820437
rbf,0.1,0.559322033898305,1.0,0.717391304347826,0.7589044460820437
rbf,0.15,0.5610169491525424,1.0,0.7181719260065288,0.7597296250530237
rbf,0.2,0.5728813559322034,0.9939393939393939,0.7224669603524229,0.7630959034080066
rbf,0.25,0.6254237288135593,0.9363636363636364,0.7365911799761622,0.766126181717786
rbf,0.3,0.6864406779661016,0.9121212121212121,0.7649301143583228,0.7878306681485455
rbf,0.35,0.7101694915254237,0.8787878787878788,0.7723035952063914,0.7870869885065646
rbf,0.4,0.7254237288135593,0.8545454545454545,0.7768595041322314,0.7856095624970818
rbf,0.45,0.7271186440677966,0.8181818181818182,0.7703281027104136,0.7718761883200095
rbf,0.5,0.7237288135593221,0.7848484848484848,0.7606461086637298,0.7564078023571789
poly,0.05,0.559322033898305,1.0,0.717391304347826,0.7589044460820437
poly,0.1,0.5610169491525424,1.0,0.7181719260065288,0.7597296250530237
poly,0.15,0.5644067796610169,0.990909090909091,0.7178924259055982,0.7577360988252354
poly,0.2,0.5813559322033899,0.9727272727272728,0.7221597300337458,0.7587476449881362
poly,0.25,0.6423728813559322,0.9212121212121213,0.7423687423687425,0.7686512483122653
poly,0.3,0.6830508474576271,0.8848484848484849,0.7574578469520105,0.7751190597527075
poly,0.35,0.7050847457627119,0.8454545454545455,0.762295081967213,0.7709447910614902
poly,0.4,0.711864406779661,0.7848484848484848,0.752906976744186,0.7498732894574439
poly,0.45,0.7084745762711865,0.7393939393939394,0.7393939393939394,0.7290874850196883
poly,0.5,0.7033898305084746,0.706060606060606,0.7269890795631826,0.7121465053774211
rbf,0.05,0.559322033898305,1.0,0.717391304347826,0.7589044460820437
rbf,0.1,0.559322033898305,1.0,0.717391304347826,0.7589044460820437
rbf,0.15,0.559322033898305,1.0,0.717391304347826,0.7589044460820437
rbf,0.2,0.5830508474576271,0.996969696969697,0.7278761061946902,0.7692988835406714
rbf,0.25,0.6491525423728813,0.9575757575757575,0.7532777115613826,0.7866686705033404
rbf,0.3,0.6813559322033899,0.9151515151515152,0.7626262626262625,0.7863779033270558
rbf,0.35,0.6949152542372882,0.8939393939393939,0.7662337662337662,0.7850294714701495
rbf,0.4,0.7050847457627119,0.8636363636363636,0.7661290322580644,0.77828338055238
rbf,0.45,0.7152542372881356,0.8242424242424242,0.7640449438202247,0.7678472017835949
rbf,0.5,0.7084745762711865,0.793939393939394,0.7528735632183907,0.7517625111429904
poly,0.05,0.5576271186440678,0.996969696969697,0.7159956474428728,0.7568641543522124
poly,0.1,0.5559322033898305,0.9939393939393939,0.7145969498910675,0.7548228490734306
poly,0.15,0.559322033898305,0.9878787878787879,0.7149122807017543,0.7540377008262823
poly,0.2,0.5745762711864407,0.9818181818181818,0.7208008898776418,0.7590651142940881
poly,0.25,0.6288135593220339,0.9606060606060606,0.7432590855803048,0.7775595685027997
poly,0.3,0.6627118644067796,0.9212121212121213,0.7534076827757125,0.7791105561315378
poly,0.35,0.6966101694915254,0.8909090909090909,0.7666232073011734,0.7847141559005966
poly,0.4,0.6898305084745763,0.8303030303030303,0.749658002735978,0.7565971805045283
poly,0.45,0.6949152542372882,0.7848484848484848,0.7421203438395416,0.7406280276417716
poly,0.5,0.7033898305084746,0.7696969696969697,0.7437774524158126,0.7389547508737523
